builder,test,N,M,C,total_cost,millis
LC,from_datA10_M10_N10_C7.txt,10,10,7,32,0.745
LC,from_datA1_M10_N10_C7.txt,10,10,7,40,0.622
LC,from_datA2_M10_N10_C7.txt,10,10,7,29,0.492
LC,from_datA3_M10_N10_C7.txt,10,10,7,29,0.532
LC,from_datA4_M10_N10_C7.txt,10,10,7,31,0.558
LC,from_datA5_M10_N10_C7.txt,10,10,7,29,0.625
LC,from_datA6_M10_N10_C7.txt,10,10,7,36,0.593
LC,from_datA7_M10_N10_C7.txt,10,10,7,30,0.510
LC,from_datA8_M10_N10_C7.txt,10,10,7,32,0.526
LC,from_datA9_M10_N10_C7.txt,10,10,7,29,0.643
LC,from_datB10_M15_N20_C12.txt,20,15,12,63,1.762
LC,from_datB1_M15_N20_C12.txt,20,15,12,36,1.451
LC,from_datB2_M15_N20_C12.txt,20,15,12,45,1.952
LC,from_datB3_M15_N20_C12.txt,20,15,12,47,1.818
LC,from_datB4_M15_N20_C12.txt,20,15,12,49,1.560
LC,from_datB5_M15_N20_C12.txt,20,15,12,42,1.650
LC,from_datB6_M15_N20_C12.txt,20,15,12,54,1.843
LC,from_datB7_M15_N20_C12.txt,20,15,12,45,1.461
LC,from_datB8_M15_N20_C12.txt,20,15,12,45,1.859
LC,from_datB9_M15_N20_C12.txt,20,15,12,44,1.706
LC,from_datC10_M30_N40_C25.txt,40,30,25,120,13.435
LC,from_datC1_M30_N40_C25.txt,40,30,25,130,14.996
LC,from_datC2_M30_N40_C25.txt,40,30,25,103,15.375
LC,from_datC3_M30_N40_C25.txt,40,30,25,134,13.861
LC,from_datC4_M30_N40_C25.txt,40,30,25,105,14.791
LC,from_datC5_M30_N40_C25.txt,40,30,25,112,14.285
LC,from_datC6_M30_N40_C25.txt,40,30,25,106,14.988
LC,from_datC7_M30_N40_C25.txt,40,30,25,100,14.549
LC,from_datC8_M30_N40_C25.txt,40,30,25,100,14.125
LC,from_datC9_M30_N40_C25.txt,40,30,25,103,14.699
LC,from_datD10_M40_N60_C30.txt,60,40,30,190,34.635
LC,from_datD1_M40_N60_C30.txt,60,40,30,212,34.583
LC,from_datD2_M40_N60_C30.txt,60,40,30,174,29.260
LC,from_datD3_M40_N60_C30.txt,60,40,30,189,32.357
LC,from_datD4_M40_N60_C30.txt,60,40,30,198,33.125
LC,from_datD5_M40_N60_C30.txt,60,40,30,201,31.483
LC,from_datD6_M40_N60_C30.txt,60,40,30,225,36.102
LC,from_datD7_M40_N60_C30.txt,60,40,30,151,33.277
LC,from_datD8_M40_N60_C30.txt,60,40,30,176,30.803
LC,from_datD9_M40_N60_C30.txt,60,40,30,190,33.355
