builder,test,N,M,C,total_cost,millis
PF,from_datA10_M10_N10_C7.txt,10,10,7,32,2.081
PF,from_datA1_M10_N10_C7.txt,10,10,7,40,2.019
PF,from_datA2_M10_N10_C7.txt,10,10,7,29,1.588
PF,from_datA3_M10_N10_C7.txt,10,10,7,29,1.568
PF,from_datA4_M10_N10_C7.txt,10,10,7,31,1.777
PF,from_datA5_M10_N10_C7.txt,10,10,7,29,2.188
PF,from_datA6_M10_N10_C7.txt,10,10,7,36,1.979
PF,from_datA7_M10_N10_C7.txt,10,10,7,30,1.542
PF,from_datA8_M10_N10_C7.txt,10,10,7,32,1.596
PF,from_datA9_M10_N10_C7.txt,10,10,7,29,2.329
PF,from_datB10_M15_N20_C12.txt,20,15,12,63,9.522
PF,from_datB1_M15_N20_C12.txt,20,15,12,36,6.802
PF,from_datB2_M15_N20_C12.txt,20,15,12,45,10.499
PF,from_datB3_M15_N20_C12.txt,20,15,12,47,9.294
PF,from_datB4_M15_N20_C12.txt,20,15,12,49,8.265
PF,from_datB5_M15_N20_C12.txt,20,15,12,42,8.050
PF,from_datB6_M15_N20_C12.txt,20,15,12,54,9.432
PF,from_datB7_M15_N20_C12.txt,20,15,12,45,6.161
PF,from_datB8_M15_N20_C12.txt,20,15,12,45,9.292
PF,from_datB9_M15_N20_C12.txt,20,15,12,44,7.167
PF,from_datC10_M30_N40_C25.txt,40,30,25,120,182.156
PF,from_datC1_M30_N40_C25.txt,40,30,25,130,198.690
PF,from_datC2_M30_N40_C25.txt,40,30,25,103,195.711
PF,from_datC3_M30_N40_C25.txt,40,30,25,134,163.983
PF,from_datC4_M30_N40_C25.txt,40,30,25,105,183.660
PF,from_datC5_M30_N40_C25.txt,40,30,25,112,167.723
PF,from_datC6_M30_N40_C25.txt,40,30,25,106,198.624
PF,from_datC7_M30_N40_C25.txt,40,30,25,100,169.693
PF,from_datC8_M30_N40_C25.txt,40,30,25,100,161.643
PF,from_datC9_M30_N40_C25.txt,40,30,25,103,171.245
PF,from_datD10_M40_N60_C30.txt,60,40,30,190,694.947
PF,from_datD1_M40_N60_C30.txt,60,40,30,212,695.036
PF,from_datD2_M40_N60_C30.txt,60,40,30,174,522.552
PF,from_datD3_M40_N60_C30.txt,60,40,30,189,617.230
PF,from_datD4_M40_N60_C30.txt,60,40,30,198,639.359
PF,from_datD5_M40_N60_C30.txt,60,40,30,201,604.048
PF,from_datD6_M40_N60_C30.txt,60,40,30,225,781.065
PF,from_datD7_M40_N60_C30.txt,60,40,30,151,653.419
PF,from_datD8_M40_N60_C30.txt,60,40,30,176,595.414
PF,from_datD9_M40_N60_C30.txt,60,40,30,190,697.922
