test,N,M,C,total_cost,millis
from_datA10_M10_N10_C7.txt,10,10,7,10,2.069
from_datA1_M10_N10_C7.txt,10,10,7,15,2.329
from_datA2_M10_N10_C7.txt,10,10,7,8,1.659
from_datA3_M10_N10_C7.txt,10,10,7,9,2.007
from_datA4_M10_N10_C7.txt,10,10,7,10,2.145
from_datA5_M10_N10_C7.txt,10,10,7,10,2.449
from_datA6_M10_N10_C7.txt,10,10,7,15,2.116
from_datA7_M10_N10_C7.txt,10,10,7,6,1.704
from_datA8_M10_N10_C7.txt,10,10,7,10,1.702
from_datA9_M10_N10_C7.txt,10,10,7,12,2.371
from_datB10_M15_N20_C12.txt,20,15,12,15,12.257
from_datB1_M15_N20_C12.txt,20,15,12,6,8.016
from_datB2_M15_N20_C12.txt,20,15,12,8,13.429
from_datB3_M15_N20_C12.txt,20,15,12,9,11.850
from_datB4_M15_N20_C12.txt,20,15,12,4,9.210
from_datB5_M15_N20_C12.txt,20,15,12,8,10.445
from_datB6_M15_N20_C12.txt,20,15,12,11,12.670
from_datB7_M15_N20_C12.txt,20,15,12,8,7.679
from_datB8_M15_N20_C12.txt,20,15,12,12,12.756
from_datB9_M15_N20_C12.txt,20,15,12,9,9.925
from_datC10_M30_N40_C25.txt,40,30,25,34,325.326
from_datC1_M30_N40_C25.txt,40,30,25,48,362.891
from_datC2_M30_N40_C25.txt,40,30,25,29,382.971
from_datC3_M30_N40_C25.txt,40,30,25,40,354.859
from_datC4_M30_N40_C25.txt,40,30,25,35,363.014
from_datC5_M30_N40_C25.txt,40,30,25,30,307.058
from_datC6_M30_N40_C25.txt,40,30,25,27,412.866
from_datC7_M30_N40_C25.txt,40,30,25,22,306.755
from_datC8_M30_N40_C25.txt,40,30,25,33,304.148
from_datC9_M30_N40_C25.txt,40,30,25,29,329.948
from_datD10_M40_N60_C30.txt,60,40,30,92,1561.430
from_datD1_M40_N60_C30.txt,60,40,30,113,1410.433
from_datD2_M40_N60_C30.txt,60,40,30,86,1103.638
from_datD3_M40_N60_C30.txt,60,40,30,96,1133.276
from_datD4_M40_N60_C30.txt,60,40,30,105,1214.675
from_datD5_M40_N60_C30.txt,60,40,30,97,1117.029
from_datD6_M40_N60_C30.txt,60,40,30,125,1472.757
from_datD7_M40_N60_C30.txt,60,40,30,72,1235.150
from_datD8_M40_N60_C30.txt,60,40,30,86,1086.149
from_datD9_M40_N60_C30.txt,60,40,30,95,1262.706
